handle,name,tweetdate,tweet,isretweet,likes,retweets,comments,isthread
@ABsay_ek,Abhishek AB,13-Jul-2024,"On This Day last year, Yashasvi Jaiswal scored his 1st century in his debut innings...

From that day & till today; He has scored 1659 runs in 34 innings for India (Across all formats)

Only Gill (1821 runs in 48 innings) & Rohit (1962 runs in 45 innings) scored more runs than him...

Both Gill & Rohit scored their bulk of runs in ODIs where Jaiswal yet to make his debut...",N,26,3,0,N
@ABsay_ek,Abhishek AB,13-Jul-2024,"Picked up a 5 wicket haul in previous game & after hitting 36* runs in 8 balls here, he picked up 4 wickets in this game as well...",Y,10,2,1,N
@ABsay_ek,Abhishek AB,13-Jul-2024,"Wessly Madhevere & Abhishek Sharma:
Both these Cricketers born on same date in same year...

Both of them played a similar role of (Top order batter/Spinner)
And played the same number of First Class games so far with almost similar runs & Avg",N,50,5,4,N
@ABsay_ek,Abhishek AB,13-Jul-2024,"Another Indian Youngster (Nehal Wadhera) born on this same date & in same year (04-Sep-2000)...
And on the very next date(05-Sep-2000) Ravi Bishnoi born who is part of the current Indian team...",N,23,2,0,N
@ABsay_ek,Abhishek AB,13-Jul-2024,"Happy Birthday FAF!

Fafulous Amazing Fielder...",N,202,42,13,N
@ABsay_ek,Abhishek AB,13-Jul-2024,"Transitioning from a left-arm seam bowler to an exceptional SLA, Utpal Chatterjee, who turns 60 today, dominated Indian domestic cricket in the 90s...

He made his long awaited Debut in the 1995 Asia Cup at age of 30 & took 1 for 28 in 10 overs.
In next game against Pakistan, he produced figures of 2 for 35 in 8 overs.
Despite these performances, he was dropped & played only one more ODI ( seven months later), & then never got another chance...

A stalwart for Bengal, he retired at 40 with 499 First Class wickets. His retirement left a void, & the next season Bengal was on the verge of relegation.
The CAB sent an SOS to Chatterjee to play & he came back to play only 1 game...
Chatterjee took 5 wickets in that crucial game, reaching 500 First Class wickets & helping Bengal avoid relegation.

His career bowling average in First Class cricket (504 wickets at an average of 24.9 & an economy of 2.2) and 161 List A wickets (at an average of 23.5 & an economy of 3.9) are truly exceptional, given he almost single-handedly carried the Bengal attack...

Post retirement he transitioned into Coaching roles as well...",N,162,20,19,N
@ABsay_ek,Abhishek AB,13-Jul-2024,"The Drama beyond Devdas:

Despite reaching the finals 10 times, India had not won a single tournament in their last 14 Tournaments...
On this day, 22 years ago, When 22-year-old Mohammad Kaif walked into bat in his 22nd international innings; This final seemed to be slipping away  again for India, as score was 146/5 & still 180 runs required from the remaining 26 overs....

Kaif's parents, choosing to watch the movie ""Devdas"" at a local theatre instead of following the match, missed their son's match-winning performance....

When India secured victory, the entire neighborhood gathered at Kaifâ€™s house, only to find it locked. They later learned from the theatre that Kaif had led India to victory...

This was Kaif's first year in ODIs & after playing 25 ODIs, he was averaging 57 with a strike rate of 85...
He played 100 more games after that but averaged only 28 in those games with strike rate of 69",N,265,47,15,N
@ABsay_ek,Abhishek AB,13-Jul-2024,"For Today:
In a Test match at Sharjah in 2002, the conditions were among the most challenging imaginable (just look at these images for reference)
With temperatures soaring to nearly 50Â°C on the field, it was like batting in an oven, as evidenced by Pakistan's performance, crumbling for 59 and 53 to make a combined total of 112 runs in both innings. 

Yet, in such extreme conditions, Matthew Hayden outscored Pakistan's combined total in his single innings alone.
He scored 119 runs when no other player from either team even reached 50 throughout the entire game...",N,114,18,4,N
@ABsay_ek,Abhishek AB,16-Nov-2023,"World Cup Memories:

During 1996 World Cup Year; My elder brother brought this cassette called "" Rest Day"" at our home...
The special thing about this cassette was not that it contains cricket songs but it also contains songs sung by Sanjay Manjrekar. (very good singer)
Not only this, the voices of Azharuddin,Sachin Tendulkar, Javagal Srinath,Anil Kumble and Vinod Kambli are also there...

Attaching Side-B of the cassette here(not many here might understand Side- A/B thing ğŸ˜ƒ)

P.S : I hope you guys enjoyed my such random posts during this World Cup...
Will try to post a few more before the finals...then we might see other trivia stuff after that (apart from World Cup)

#CricketTwitter

#CricketWorldCup2023",N,134,35,16,N
@ABsay_ek,Abhishek AB,12-Jul-2024,"60 years ago, when Fred Trueman became the first bowler to reach 300 wickets, he famously said, ""Aye, but whoever does will be bloody tired."" 
Trueman took 307 wickets, & even by reversing this number, Anderson has still managed to break it...",Y,302,29,11,N
@ABsay_ek,Abhishek AB,12-Jul-2024,"Talking about overs:  
James Anderson began his Test career with 16 overs in his very first inningsâ€¦and today, he ended by bowling the same number of overs once again in his last inning...",N,46,7,2,N
@ABsay_ek,Abhishek AB,12-Jul-2024,"Since July 30, 2022, 17 pacers have taken 20 or more wickets. Among them, only 4 active pacers have bowled an average of more than 30 Overs per Test:

Matt Henry: 41.65 overs
Tim Southee: 35.04 overs
James Anderson: 30.7 overs
Josh Hazlewood: 30.01 overs

Some other prominent names:

Pat Cummins: 28.12 overs
Jasprit Bumrah: 25.36 overs
Kagiso Rabada: 25.12 overs

Now Why July 30, 2022?
Thatâ€™s when James Anderson turned 40 years old...

No fast bowler in Test cricket history has bowled even 250 overs after turning 40...
James Anderson has bowled nearly 500 overs (493 overs)",N,78,17,0,N
@ABsay_ek,Abhishek AB,12-Jul-2024,"Presenting the first pace bowler of this century to achieve a 10-wicket haul on his Test debut:
Gus A-TEN-kinson",N,114,15,2,N
@ABsay_ek,Abhishek AB,12-Jul-2024,"A special Thread on one of the "" Founding Mothers"" of Women's Cricket in India...
The icon(& the hustle) you should know...

1/n (Shanta Rangaswamy)",N,408,125,19,Y
@ABsay_ek,Abhishek AB,12-Jul-2024,"Shantha Rangaswamy is a pioneer on multiple fronts:
She was India's first women's Test captain, 1st Indian woman to score an International century, led India to a 1st Test victory, hit 1st six  for India in International cricket, & 1st female cricketer to get Arjuna Award...

2/n",N,54,10,2,Y
@ABsay_ek,Abhishek AB,12-Jul-2024,"She was one of seven daughters born to a 40-year-old widow, with no Men in the family, She learned it in chilhdood itself from her mother that you have to stand up for yourselves...(read the notes images for further details)

3/n",N,55,8,1,Y
@ABsay_ek,Abhishek AB,12-Jul-2024,"To highlight: In 1971, the literacy rate for Indian women was just 21.97%
When 80% of girls werenâ€™t even allowed to study, let alone pursue their dreams...
Itâ€™s astounding to think of someone having such a passion for a game that only few were playing at the time...

4/n",N,44,7,1,Y
@ABsay_ek,Abhishek AB,12-Jul-2024,"But playing( as we thought) wasn't fun for Women in those days;
Despite these challenges, Shantha managed to do it all without a fuss.

5/n",N,38,5,1,Y
@ABsay_ek,Abhishek AB,12-Jul-2024,"Remember In those days, when Indian women cricketers were not even paid to play Cricket (Shantha Rangaswamy never received a single rupee for playing an international game for India)

6/n",N,39,8,1,Y
@ABsay_ek,Abhishek AB,12-Jul-2024,"But The women weren't seeking the money the men received...
They knew  the constraints & never aimed for that,Their sole focus was on gaining playing opportunities, which were unfortunately scarce...

7/n",N,35,5,1,Y
@ABsay_ek,Abhishek AB,12-Jul-2024,"Imagine playing only 35 International games in almsot 2 decades( pretty normal for a Men's cricketer to play in a single year)
Kapil Dev did few years later what actually Shantha Ragaswamy used to do in Women's Cricket...

8/n",N,41,6,1,Y
@ABsay_ek,Abhishek AB,12-Jul-2024,"Mind you; These games she played across 20 Years & she also managed to do a full time day job at Canara Bank(as an active player) & also helped in arrangement of nets, matting, sponsorships to suuport Women's Cricket...

9/n",N,39,3,1,Y
@ABsay_ek,Abhishek AB,12-Jul-2024,"Now some of her finest performances in Internationals: Right from the 1st ever Test of India...

10/n",N,38,4,1,Y
@ABsay_ek,Abhishek AB,12-Jul-2024,"The Historical 1st ever Test victory at Patna where she received recognition in the form of a gold chain with a pendant shaped like a ball from Vummidi Bangaru Jewellers...

11/n",N,40,6,1,Y
@ABsay_ek,Abhishek AB,12-Jul-2024,"And then she went on to score 1st ever Test hundred for India (that too in away conditions of New Zealand) at Dunedin..
Just see the scorecard of this match
Nobody else reached to even 20 when she scored 108 runs alone...

12/n",N,37,5,1,Y
@ABsay_ek,Abhishek AB,12-Jul-2024,"Interestingly, she had already scored a hundred against same team in Feb 1976 at Pune when New Zealand visited India but after sometime these games were called unofficial & her 2nd Hundred became the 1st...

13/n
",N,31,1,1,Y
@ABsay_ek,Abhishek AB,12-Jul-2024,"She received a Luna scooter as a gift after her century in Pune, her first-ever vehicle...
Before that, she walked over 10 km or took the bus to training & funded her own gear & tours...

14/n",N,35,2,2,Y
@ABsay_ek,Abhishek AB,12-Jul-2024,"Under her captaincy, India won their first-ever ODI in the 1982 World Cup & even defeated England...
Remarkably, the Indian womenâ€™s team won four matches in their inaugural World Cup, while the menâ€™s team had won only one game across two World Cups by that time...

15/n",N,45,5,1,Y
@ABsay_ek,Abhishek AB,12-Jul-2024,"When she entered the field, the crowd often cheered ""Bheema!""( in reference to the strongman from the Mahabharata)
It wasn't just about her physique(She was 5'9""); it symbolized the resilience & determination she embodied throughout her career...

16/n",N,34,1,1,Y
@ABsay_ek,Abhishek AB,12-Jul-2024,"In 1993, when she was transferred to Lucknow for her bank job, she received an invitation to play for UP team.
However,her loyalty remained with one teamâ€”whether it was her club Falcon,or state.
She declined the offer & continued playing for Karnataka that season before retiring...

17/n",N,33,2,2,Y
@ABsay_ek,Abhishek AB,12-Jul-2024,"Even after retiring,She actively nurtured womenâ€™s cricket, spent a few years commentating for Doordarshan & All India Radio, & briefly coached the Indian team before becoming a selector...

18/n",N,36,1,1,Y
@ABsay_ek,Abhishek AB,12-Jul-2024,"In 2017, she became the first female cricketer to receive the 'CK Nayudu Lifetime Achievement Award'...
She also made history as the first woman to join the BCCI Apex Council...

19/n",N,37,3,1,Y
@ABsay_ek,Abhishek AB,12-Jul-2024,"In her own words: â€œYou could play today because we did well then,""
""We laid a very strong foundation that helped the game survive initially & flourish later,"" ""and no one can take that pride away from us - that feeling of satisfaction compensates for everything else.""

20/n",N,42,4,3,Y
@ABsay_ek,Abhishek AB,21-Jan-2024,"If James Anderson managed to bowl 777 deliveries more (approx 130 Overs) either in upcoming series or in future... He will become the First ever pace bowler in International Cricket to bowl 50000 deliveries...

#CricketTwitter

#INDvsENG",N,402,64,30,N
@ABsay_ek,Abhishek AB,11-Jul-2024,"And He did it...in his final innings...
James Anderson just bowled his 50000th delivery in International Cricket...",N,525,56,8,N
@ABsay_ek,Abhishek AB,11-Jul-2024,"Jayden Seales is boasting a phenomenal Bowling Strike Rate at present (41.7) with 41 wickets in his 11th Test...

Interestingly he has only one 5 wicket haul in his career so far...",N,119,7,3,N
@ABsay_ek,Abhishek AB,11-Jul-2024,"In his last 36 Tests over the past three years, Joe Root's career batting average has consistently remained between 49 & 51, never falling below 49 or reaching 51...

That's some peculiar consistency...",N,434,33,14,N
@ABsay_ek,Abhishek AB,11-Jul-2024,"Happy Birthday to Scott Muller

During the famous Hobart Test of 1999, in Pakistan's second innings, a ball was hit towards Muller at deep mid-wicket...

His wayward throw sailed over Gilchrist's head, and the microphones picked up the now-infamous words: ""He can't bowl, he can't throw.""

While Channel Nine icon 'Joe the Cameraman' eventually admitted to the remark, many believe it was a cover-up for Warney, who was bowling at that time...
It became a big controversy &
Voice analysts were asked to inspect the recording (They concluded that Warne was not to blame)
The issue even reached Parliament...

To make matters worse, The Lee brothers (Brett & Shane) released a song named ""Can't Bowl, Can't Throw"" in their debut album : Six & Out...

Many Years later; Despite his firm denial, Warne appeared to support the comment regardless...
Warne stated, ""If I wanted to tell him that, I would have done so anyway. Whoever said it, it's probably true.""

In Mullers's own words: ""I've gone from being the happiest bloke around two weeks ago,"" he lamented, ""to being rissoled completely.""

Muller, who took 7 wickets in his 2 Tests, never played another Test & ended his first-class career within six months, (We can only guess how much this incident affected Muller)
finishing with a bowling average of 23.5 in First Class & At the age of 28, his playing career was over...",N,308,44,28,N
@ABsay_ek,Abhishek AB,11-Jul-2024,"Zak Crawley Test Career:

In First 27 Tests: 1289 runs , 26 Avg, 53 SR, 7 50+ Scores

In Last 18 Tests: 1398 runs, 44 Avg, 81 SR, 12 50+ scores",N,120,14,7,N
@ABsay_ek,Abhishek AB,10-Jul-2024,"Some bowling spells of English bowlers against West Indies: 
James Anderson : 42/7
Dominic Cork : 43/7(in his debut Test)
Fred Trueman : 44/7
Trevor Bailey : 44/7
Gus Atkinson : 45/7(in his Debut Test)",N,56,6,9,N
@ABsay_ek,Abhishek AB,10-Jul-2024,"75 minutes of Hell

On This day; in 1976;It was the 3rd day of Old Trafford Test & West Indies were dominating when they set a target of 552...
England had to survive for 75 minutes of play which turned out to be indescribably brutal...

England Openers were Brian Close(45 years) & John Edrich(39 Years) against
Andy Robers, Michael Holdin & Wayne Daniel , who showed no mercy, relentlessly targeting the batsmen with bouncers aimed at their heads. All three bowlers were exceptionally fast & unleashed their full force against the two elderly batsmen...
Without helmets & any safety gears,both batters endured numerous body blows but managed to protect their wickets...

Ultimately Umpire Bill Alley had to warn Holding for bowling too many bouncers, much to his surprise, Close asked to him:

""Why did you have to do that?"" an agitated Close asked Alley.

""He's bowling too many bouncers,"" Alley responded, confused.

""Don't you realize the bouncers aren't the issue? It's the ones halfway down that are the problem,"" Close retorted.

Here to mention that Close was famous  for appearing immune to pain(see the image for his body blows from the red cherry), he would remark to anyone who flinched or rubbed a bruise: ""How can the ball hurt you? It's only on you for a second.""

Captain Lloyd didn't hold back his bowlers at all...Though, he commented after the match, ""Our guys got carried away.""

Both openers survived the session & on their way to dressing room, Edrich asked to Close:

""After 70 minutes out there & getting hit all over, do you know how many runs you scored?"" Edrich chuckled.

Close admitted he didn't.

""One,"" laughed Edrich. ""I hope it was worth the pain.""",N,13000,1400,229,N
@ABsay_ek,Abhishek AB,10-Jul-2024,"Happy 75th Birthday to Sunil Gavaskar...

Epitome of Concentration & Technically perfect batter...

Just a small snippet from his glittering career & a famous story:

34 Openers have played 10 or more Tests for India:
Gavaskar played the most: 119 & yet he hold the highest batting avg among all(50.29)

18 Indian openers managed to play 10 or more Tests outside home:
here again Gavaskar stands tall with highest & the only one with 50+ avg(52.9)

16 Indian Openers played 10 or more Tests outside Asia
& again Gavaskar is the only one with 50+ avg(51.6, no one else even reached 45 avg)

Till date he remains the only cricketer to hit double centuries in all four innings of Tests...

His batting avg was above 40 in all 4 innings & his 4th inning avg of 58 is by far the highest among all Indian batters(no one scored even 500 runs with 50 avg in 4th inning)

Now something about his ODi career as common perception built around him for his only one inning of 1975 World Cup..

In his last phase(after 1983 world cup): Gavaskar scored 1870 runs with 43.5 Avg & 65.8 SR as an opener in ODIs...

This might sound normal numbers in current times but trust me, no other opener in the world scored more runs than him with a better Avg/SR
between 1983-87 World Cup...

Infact the ATG opening pair of Greenidge(68.9 SR) & Haynes(62 SR) scored their runs with almost similar pace in this period...

Don Bradman rightfully called him "" An Ornament to Cricket""",N,279,56,20,N
@ABsay_ek,Abhishek AB,10-Jul-2024,"Happy Birthday to Bradley-John Watling...
We use Underrated word very often these days but Watling is the one guy who lived it...
In decade of 2010s:

He scored most runs by a wicketkeeper in Tests
2nd best batting Avg among all wk with 1000 runs(41.9)
His way avg is even better(43)
He scored most 50+ scores & joint most hundreds (7)

But that's not all...

He was part of 20 100+ runs partnerships & all of them happened for lower order only(5th or lower wicket)...

Few of them are:

365* for 6th wicket( from 159/5)
352 for 6th wicket (from 94/5)
261 for 7th wicket(from 316/6)
253 for 6th wicket(from 323/5)
201 for 6th wicket( from 279/5)
143 for 6th wicket( from 36/5)
127 for 10th wicket( from 327/9)
99 for 9th wicket( from 212/8)
93 for 9th wicket(from 335/8)

Almost every time he did this with a different batter,only Watling was a common link in all these rescue acts.  

New Zealand never lost a Test whenever Watling scored 80 runs or more in an inning...

He was by far the most effective wicketkeeper of his time(even statistically; he conceded only 2.2 byes per Test since 2018 & converted 90% of his chances into dismissal in both metrics by far the best among his peers)

His courageous act on the final day of his career was a testament to his determination...",N,796,113,21,N
@ABsay_ek,Abhishek AB,5-Oct-2023,"Devon Conway (who was born on South Africa) struggled to make an impression in his domestic career in South Africa as there was no clarity about his role(he batted as opener, middle order and even at no.7)

In 2017, when he was already 26 years old,on one day he decided to move on...

He could have chosen England as he had already played few seasons there , but he chose New Zealand just because his best friends are there.

He sold his Car,property, and everything so that  If he wouldn't succeed in New Zealand there should not be any thoughts in mind to return back to South Africa again...

Conway became school coach which involves 6-7 hours per day of work along with his club cricket practice.

He took his time to get settle there but soon after that he was the top scorer in 5 out of 6 domestic tournaments of New Zealand...

Now entire World is witnessing his class ğŸ˜

When there is will, there's a Conway...

#CricketTwitter

#ENGvNZ

#Worlds2023",N,19000,1700,162,N
@ABsay_ek,Abhishek AB,8-Jul-2024,"Happy Birthday to Sourav Ganguly...

Spandan covered his career beautifully in this thread, I'm just adding a bit here to emphasize Ganguly bowling contribution:

From Aug 1997 to July 2001: in this 4 year span 
Ganguly scored 5816 runs(most in the world) with batting average of 45.4 & 16 centuries in 142 ODIs ...
He took 66 wickets in same period with bowling average of 29.87 & 2 five wicket hauls
In the same period, primary bowlers like Kumble, Harbhajan, Joshi ,Prasad all average more than 31 & only Agarkar & Srinath took more wickets than Ganguly with a better average (Agarkar avg:29.65 almost similar to ganguly actually)

Out of all the frequent part timers of India (Sachin, Sehwag, Raina, Yusuf & Yuvraj: who was even considered allrounder by many) Ganguly has the best bowling average & best economy rate in ODIs...

Khilaadi toh bahut aaye aur gaye, lekin Dada sirf ek hi ban paya...",N,962,189,24,N
"@talksports45",Spandan Roy,8-Jul-2024,"A thread on one of the finest leaders, India ever had. One of the 21 elite cricketers to have scored 18000+ international runs. A leader who backed some of the finest match winners India had produced.

A player who experienced the highest of highs and the lowest of lows, but never gave up. One of the most elegant batters and one of the best hitters of spin, I have seen. Let's talk about Sourav Ganguly, the God of OffSide and a revolutionary captain. (1/n)
#CricketTwitter #HappyBirthdayDada",N,12000,1600,107,Y
"@talksports45",Spandan Roy,8-Jul-2024,"Now before we move onto his cricketing journey and how it all started, here's a glimpse of how brutal was Dada against spinner. Ganguly's roof... This was when India took on Zimbabwe and Dada hit three sixes of Grant Flower, which prompted the Great Tony Greig to call Sharjah's roof as Ganguly's roof (2/n)",N,809,96,1,Y
"@talksports45",Spandan Roy,8-Jul-2024,"Initially Dada was more attracted towards football and no surprises, there given the popularity of football in Bengal. But gradually he made a shift to cricket, and was supported by his brother Snehashish Ganguly. Despite being right handed, Dada learnt left handed batting, so that he could use his brother's cricket kit.
And soon he made his FC debut for Bengal in the Ranji Trophy finals of 1989/90 season against Delhi. On his debut, he became the 250th player to play for Bengal. This was also the last time, Bengal had won the Ranji Trophy.  (3/n)",N,403,36,1,Y
"@talksports45",Spandan Roy,8-Jul-2024,"He got his maiden international call-up soon, but before making his international debut, he did field in a game against South Africa at the Nehru Stadium, when he was in the squad as a reserve fielder.
It was time for him, to depart to Australia and his room mate was the Colonel, Mr. Dilip Vengsarkar. The Aussies did have a stellar bowling attack in Hughes, Reid, McDermott and Whitney.  
The Indian team didn't have a good time in tests there but despite that Sourav wasn't really being considered as a batter and hardly got to bat in the nets. He seemed to be more of a bowler, who can bat.
He finally got a chance, to play against West Indies in the tri-series that followed, the test series, and was welcomed by the Great Malcolm Marshall with an incoming delivery. Soon he fell to Anderson Cummins, and it was now gonna be a long wait for Sourav to return to international cricket. (4/n)",N,274,33,1,Y
"@talksports45",Spandan Roy,8-Jul-2024,"Turn the clock all over to 1996, the WC semis, Ind lost to Sri Lanka, and Dada expected to be called up for the tri series to follow, but was snubbed.
But soon his fortunes were gonna change, he was named in the team, which was going to tour England. There were still doubts about his abilities and his selection did raise questions, but he had the perfect answer for everyone.
Before his debut, he was lucky to have an interaction with the Great Desmond Haynes, and the advices stuck with him throughout his career.
After Sidhu quit the tour, Sourav was slated to bat at 3 and he shut down his critics, scoring a century at Lord's, and he followed it up with another century at Trent Bridge. 
He earnt the confidence of his captain, Azhar and was gifted a watch. And the celebrations in his home town, began... (5/n)",N,282,34,1,Y
"@talksports45",Spandan Roy,8-Jul-2024,"He was set for greatness. He did play in the Sahara Cup, at Toronto in 1996 against Pakistan, though was dropped after the third match for Kambli, the very same venue and tournament where he was gonna deliver a stunning all round performance, a year later. 
1997 was a year where he literally announced himself in ODIs. A valiant 83 at Buffalo Park vs SA, scoring 222 runs and picking 15 wickets against Pakistan at Toronto.
 He achieved a special feat, grabbing 4 consecutive Man of the Match awards in the very same year in ODIs and is the only player in ODIs to do so.  Though Pak missed Waqar and Wasim, they still had the likes of Aaqib Javed and Mohammad Zahid. And Dada batted brilliantly against them. 

He scored 1338 runs in 1997 and picked 19 wickets in Odis. The very same year he also achieved his first ODI century against Sri Lanka.
(6/n)",N,244,29,1,Y
"@talksports45",Spandan Roy,8-Jul-2024,"He won approximately three cars in six months, was titled as the Prince of Calcutta by Geoffrey Boycott and Dada was gearing up for his first World Cup. He started off really well with a 97 against South Africa, though India had lost that game and India found themselves in a must win situation after losing another game to Zimbabwe.

26th of May,1999 India faced the defending champions, Sri Lanka and Ganguly broke Kapil Dev's record of 175, the highest score by an Indian batter in ODIs, scoring 183. He followed this with an all round show against England, scoring 40 off the bat and picking 3 wickets. (7/n)",N,301,31,1,Y
"@talksports45",Spandan Roy,8-Jul-2024,"Unfortunately Dada, had to pull out from the game against Pakistan, coz of an injury and murmurs started that he was faking an injury. While India had won the game, Sourav wanted to prove a point.

In the year 2000, India played a tri series against Pakistan and Australia in Australia. He scored a century against both of the nations, and the Pak attack had Wasim and Shoaib both bowling together.

When he scored a century against Australia at MCG, he became the first Indian batter to score a century in Australia in the ODI format. 

(8/n)",N,249,29,1,Y
"@talksports45",Spandan Roy,8-Jul-2024,"Such was his ODI batting that since 1st of Jan 1996 to the 1st of Jan 2000, he was the second highest run getter in ODIs just behind the Great  Sachin Tendulkar. And soon he saw himself being named the Indian Captain, after Sachin decided to step down. 
While turbulent times awaited Indian cricket, after the match fixing scandal was unearthed. Cricket seemed to be in shambles and people seemed to have lost faith, and that's where Ganguly created a blend of youngsters with seniors like Dravid, Sachin, Kumble and Srinath. 
Zones really didn't matter to him, players did. Players like Yuvraj, Zaheer, Ashish, Sehwag, Bhajji were brought into the team and backed well. 
It was the 2000 Knockout Trophy, where India had reached the finals against the Kiwis, Sourav had a century in both semis and finals, though India eventually lost to the Kiwis courtesy Chris Cairns' brilliance. (9/n)",N,294,44,4,Y
"@talksports45",Spandan Roy,8-Jul-2024,"A tough test, or probably the toughest test awaited Ganguly and his men, the Aussies touring India. India had lost the first in Mumbai and this extended Aussies win streak to 16. Australia were doing really well with their cricket as well as the sledging part is concerned.

The selectors wanted to drop Bhajji and play Sarandeep Singh, after the Mumbai test. Dada was adamant and wanted Bhajji to continue, and his decision turned out to be fruitful for India. 
Bhajji's bowling in that series, alongside Dravid and Laxman's heroics tilted the game in India's favor. Not only the streak had ended, India also managed to win a series, that is talked about highly even today. (10/n)",N,277,36,3,Y
"@talksports45",Spandan Roy,8-Jul-2024,"But the drive was to win overseas tests, and India did succeed at that .  When India toured England in 2002.. who can forget the victory at Headingley.. The trio of Sachin, Dravid and Dada scored a century each, posting total of 628/8, and India secured an innings victory, after losing the very first test of the series and the series ended in a draw. Sanjay Bangar deserves a lot of credit, opening the innings and facing the new ball.

While India couldn't manage to win or draw the series in Sri Lanka, back in 2001, but they managed to attain a victory in Kandy, without Sachin, Kumble and Srinath. In that game, Dada played an unbeaten innings of 98 and also was the man of the match. (11/n)",N,228,31,1,Y
"@talksports45",Spandan Roy,8-Jul-2024,"While talking about some famous wins who can forget the Natwest Finals in 2002, Dada and his shirt at the Lord's Balcony, after India defeating England in the finals. The retaliation to what Flintoff did at Wankhede..

While India might have lost hopes, after the initial jolts Yuvraj and Kaif managed to hold their nerves and play an innings, to remember for life.

The definition of Indian Cricket had changed... (12/n)",N,271,36,3,Y
"@talksports45",Spandan Roy,8-Jul-2024,"In 2002, India also managed to be the joint winners of the Champions Trophy held in Sri Lanka. India's 2nd ICC Trophy was in the bag... 
A bigger challenge awaited India, the 2003 World Cup. Dada had convinced Srinath to come out of retirement and lead the young Indian bowling attack. 
 India started well with a win against Netherlands, but couldn't match the Aussies... The crowds back home, were angry and protests followed... But the Men in Blue, turned things around, after this defeat... 
They didn't lose a single game until the finals. Sachin and Sourav emerged as the leading run scorers and Saurav became the the first Indian batter to score a century in the semi finals of World Cup.
Unfortunately, India couldn't get past through the Aussies in final, but it was a journey to be cherished. It still remains a heart break, but that team is still an emotion for many. (13/n)",N,281,36,2,Y
"@talksports45",Spandan Roy,8-Jul-2024,"Time to Travel Down Under: Before the series against Australia, Sourav sought Greg Chappell's guidance. They practiced in two sessions with a lunch break to follow.  From fielding positions, to ideal bowling combinations, Dada had a long enquiry list. 

And these sessions did reap success. In the very first test, the leader stood tall.. Dada scored 144 at Brisbane, a wicket which wasn't the most suitable for his play-style. The match ended in a draw and Dada was the Man of the Match. 
And an even better result followed at Adelaide where India won the game by 4 wickets. Dravid scored a double century and an unbeaten 72 to guide his team home.
India lost the test at MCG and Australia were able to save the last test at Sydney, which meant the series ended as an equalizer. Sourav got a huge applause when he walked into the press conference, after the last test..  (14/n)",N,222,23,1,Y
"@talksports45",Spandan Roy,8-Jul-2024,"The tough times were going to begin soon for DADA. After enjoying a very successful run with John Wright, it was the time for a new coach. Dada thought of Chappell being the best fit, as his guidance proved to be valuable for him, but little did Dada know that he was gonna hit rock-bottom.
It all started with an email, and it did spread like wildfire, where Greg had termed Ganguly unfit to lead the Indian team. There was this image of them playing pool together, but the situation wasn't in control. And after sometime, Dada found himself out of the team. There were different reasons stated form, fitness.
Dada was asked to prove fitness in the Duleep Trophy, where scored a century against North Zone, but was overlooked. 
He was dropped from the side which was slated to play South Africa. Dada after some stellar performances in the Ranji game, came back for the SL series, but was once again dropped after the 2nd test.
To his surprise, he got picked for the Pakistan series, but didn't get to bat in one of the test matches and scored 40 and 39 at Karachi and was once again left out of ODIs (15/n)",N,166,20,1,Y
"@talksports45",Spandan Roy,8-Jul-2024,"Time flew by, selection meetings kept happening, but Dada's name didn't appear. This was the time, when Dada's father, asked him to walk away with pride as he had achieved a lot, but Dada wanted to fight and wanted to prove it, that he still had a lot of cricket left in him.
The Champions Trophy was held in India, and India couldn't make it to the knock-outs. This was the time when the famous Pepsi-ad was released. And the response to this ad was unprecedented. (16/n)",N,299,44,1,Y
"@talksports45",Spandan Roy,8-Jul-2024,"India lost 1-4 to South Africa in the One Day series, such was it's impact that the matter was discussed in the parliament. And fortunes changed for Dada, as he was picked for the test series in South Africa, not the easiest place to bat on and given the ferocious Proteas attack.
India did play a practice game on the 7th of December,2006 and Dada did score a valiant 83. Moving onto the first test, India lost a couple of wickets, quickly and Dada emerged as the highest run getter in the first innings, scoring 51 and India pulled off a victory in the first test.
 While Ganguly couldn't do much in the second test, he scored 66 and 46 in the third test, probably one of his finest outings in the last few years.. Not the biggest of scores, but he looked in a different mood and a different batter. (17/n)",N,197,24,2,Y
"@talksports45",Spandan Roy,8-Jul-2024,"After NewLands, there was no looking back, he was also named in the ODI squad which was slated to play against West Indies and Sri Lanka before the World Cup. In his very first ODI, after the exile he scored 98 against Windies and followed it with a couple of half centuries against Sri Lanka. The video posted is his innings vs WI, where he scored 68.

Ganguly made a place for himself in the ODI squad, slated to play the World Cup. He scored 66 against Bangladesh and 89 against Bermuda, though India faced a shocking exit, being defeated by Bangladesh and Sri Lanka in the group stage. (18/n)",N,159,22,1,Y
"@talksports45",Spandan Roy,8-Jul-2024,"After a horror show at the World Cup, Chappell resigned. Ganguly in his very next test match scored a century against Bangladesh. That same year, Pakistan toured India and Ganguly had a series to remember for life. 
He first scored a ton at Eden Gardens, and then followed it up with a double century at Chinnaswamy, (scoring his best test score of 239 )the same stadium where he was booed three years ago, after losing a test to Pakistan. 
He had the opportunity of scoring a ton in both the innings but missed out by a small margin, after being dismissed for 91 in the 2nd innings.
Even in the controversial Syndey test, Dada had half centuries to his name in both the innings. (19/n)",N,191,22,3,Y
"@talksports45",Spandan Roy,8-Jul-2024,"Such was his comeback that in 2007, across formats Ganguly emerged as the highest run getter, scoring 2346 runs. No.2 was Mahela Jayawardene with 2230 runs. He literally had proven all those critics wrong, who thought Ganguly was done and dusted, he proved it to the world, that he had a lot of cricket left in him.
The work and effort that he had put during his ouster was visible, whether it was attacking Tremlett and Broad in ODIs in England or whether it was in red ball cricket... (20/n)",N,218,22,2,Y
"@talksports45",Spandan Roy,8-Jul-2024,"Every good thing does come to an end, and same was the story with Dada's international cricket journey. The Border Gavaskar Trophy in India, was gonna be his final series.. 
Still remember the day, when he announced his retirement, I was a bit emotional that day and that Nagpur test and as it was coming to a close... emotions ran high and what made matters worse, Kumble too decided to call it quits in the very same series.. But Dada, even in his final series scored a century at Mohali and missed out on another century at Nagpur... What was satisfying was he came back and it was a comeback to remember for ages.. (21/n)",N,254,25,4,Y
"@talksports45",Spandan Roy,8-Jul-2024,"Sourav Ganguly, is the only cricketer to win 4 consecutive man of the match awards in ODI cricket.
He holds the record for the highest score by an individual in the ICC Champions Trophy Finals.
Ganguly is one of the 6 players in ODI history to have scored 10000+ ODI runs, claimed more than 75 wickets and 100 or more catches to his name. 
As an Indian batter, he has the most no. of centuries in the continent Africa i.e. 9.
He has scored three centuries in the knockout games of ICC events.
As an Indian batter, with a criteria of batting for a minimum of 8 innings in Tests in  England, Ganguly has the second best batting average, which is 65.35. 
He is one of the four Indian batters to have scored  a century in both Tests and ODIs in Australia. 
Among the likes of Asian Batters, Ganguly is one of the 14 batters to have a batting average>35  with SENA countries as hosts playing a minimum of 50 innings
With a criteria of playing minimum of 10 innings against South Africa in ODIs, Ganguly is one of the 7 batters to average>50 with the bat against them.
(22/n)",N,214,25,1,Y
"@talksports45",Spandan Roy,8-Jul-2024,"Stat Alert: If we fix certain criteria of players who have scored more than 10000 ODI runs, have taken minimum of 75 wickets, have a batting average >40 and a bowling average< 40, only two players satisfy all these conditions, one is Sourav Ganguly and the second is Jacques Kallis.
Dada did play the IPL post his retirement, from international cricket. He led the Kolkata Knight Riders for the first three editions, and later played for the Pune Warriors India. 
In the fifth edition, he was handed over Pune's captaincy and also served as the mentor for the Franchise. In IPL 2010, he was the fourth highest run getter of the tournament.
For the first five editions, he was one of the 9 cricketers to have scored 1000+ runs and claim atleast 10 wickets.
(23/n)",N,198,26,5,Y
"@talksports45",Spandan Roy,8-Jul-2024,"Well that's it for the thread. I hope you enjoyed reading this, it was quite a long read, but to sum up Dada's career in one thread, is quite an impossible task. If you feel it's worth a share, please share it with more cricket enthusiasts. And once again wishing Dada a very very Happy Birthday... #HappyBirthdayDada  (24/n)
",N,332,34,28,Y
"@talksports45
",Spandan Roy,17-Aug-2024,"THE FAKE IPL PLAYER, as the name suggests it wasn't some player but a blog, yes a blog that was assumed to be written by a KKR team member.. Stories, rumours and nick names for players was all that the blog was about... The blog gained immense popularity, and KKR who already were having a torrid season saw their problems increase.

But in 2010 a Bangalore based marketing specialist claimed responsibility for the blog and termed it as based on fiction and for pure entertainment.. (12/n)",,,,,
"@talksports45
",Spandan Roy,17-Aug-2024,"Sunil Narine, without a doubt is one of the most consistent and stand out performers of the league.. But did you know that he is the only player in the league to have batted at all 11 positions, yes you hear that right he has batted at all 11 batting positions
Batting wise:
Opening-54
No.3-1
No.4-8
No.5-7
No.6-1
No.7-6
No.8-13
No.9-9
No.10-8
No.11-3

Some more trivia about Narine- He has scored a century in the IPL, he has a 5w haul in the IPL against KXIP and a hattrick against KXIP in the IPL too, but in all of these major instances, KKR has always ended upon the losing side. (13/n)",,,,,
"@talksports45
",Spandan Roy,17-Aug-2024,"As we know that there's a restriction on the no. of overseas players that IPL teams can play in their playing XI, but Mumbai Indians once played 5 overseas members in their XI in the CLT20.
In a match against CSK, owing to multiple injuries to their Indian players, they were allowed to play 5 overseas players. Those 5 overseas players were Kieron Pollard, Davy Jacobs, Lasith Malinga, Andrew Symonds and Aiden Blizzard.

Adding some more CLT20 trivia in the very same tweet, Ravichandran Ashwin was awarded the man of the series in the 2010 edition, however he never won a man of the match award in the 24 matches he played in the CLT20.. (14/n)",,,,,
"@talksports45
",Spandan Roy,17-Aug-2024,"Back in 2008, England had not allowed their centrally contracted players to feature in the league. However there was a player from England to play the league, and he was none other than Dimitri Mascarenhas who played for the Rajasthan Royals in the inaugral edition.
Dimitri also became the first English bowler to have claimed a 5w haul in the IPL, in 2012, playing for the KXIP against PWI.

Another trivia to add in this tweet- In 2008 Rajasthan Royals were not just led by Shane Warne, but Warne also was the head coach of the team..On similar basis, Sourav Ganguly was the captain of the Pune Warriors India in the 2012 edition and also served as the mentor for the team. (15/n)",,,,,
"@talksports45
",Spandan Roy,17-Aug-2024,"Sachin Tendulkar, Sourav Ganguly, Rahul Dravid, VVS Laxman and Virender Sehwag have been stalwarts of Indian cricket.. What I could say is our FAB-5, but there were only two bowlers in the league to have dismissed them atleast once, and they are Praveen Kumar and Piyush Chawla.

Some more trivia on Praveen Kumar- Praveen Kumar has the record of bowling the most maiden overs in the IPL, which has now been equalled by Bhuvneshwar Kumar, 14 maidens. What's interesting is Praveen achieved the feat in just 119 matches.. (16/n)",,,,,
"@talksports45
",Spandan Roy,17-Aug-2024,"Quite a lot of IPL franchises, have had Indian captains over the period of time, but Mayank Agarwal and Karun Nair are the only 2 players to have led their IPL sides, but never played a single T20I for India.

Rohit Sharma, the Indian Captain has claimed a hattrick in the IPL and has also been a part of an IPL Hattrick. He claimed his IPL hattrick against Mumbai Indians, back in 2009 and was one of Samuel Badree's scalps in 2017... (17/n)",,,,,
"@talksports45
",Spandan Roy,17-Aug-2024,"Back to some CLT20 Trivia: CLT20 started in 2009 and we saw it's last edition in 2014. In such a short span of time, Dirk Nannes and Thisara Perera managed to appear for 4 different teams..

While Nannes appeared for Delhi Daredevils, Highveld Lions, Royal Challengers Bangalore and Victoria, Perera appeared for Kings XI Punjab, Mumbai Indians, Sunrisers Hyderabad and Wayamba.
(18/n)",,,,,
"@talksports45
",Spandan Roy,17-Aug-2024,"In the inaugral season of IPL, 4 players were announced as icon players, which meant that they will play for their home state and won't be a part of the auction.. Sachin Tendulkar for Mumbai Indians, Sourav Ganugly for Kolkata Knight Riders, Rahul Dravid for Royal Challengers Bangalore and Yuvraj Singh for Kings XI Punjab.. 
However Delhi Daredevils requested Sehwag to be added as an icon player too, and Deccan Chargers had a similar request for VVS Laxman, however VVS turned down the offer so that Deccan Chargers could spend more money on other players.... (19/n)",,,,,
"@talksports45
",Spandan Roy,17-Aug-2024,"Ending the thread with a list of 10 players you might not know, featured in the IPL or were a part of any of the IPL squads.
Justin LangerğŸ‡¦ğŸ‡º- Rajasthan Royals
Shivnarine ChanderpaulğŸ‡¬ğŸ‡¾-Royal Challengers Bangalore
Darren BravoğŸ‡¹ğŸ‡¹-Kolkata Knight Riders
Ramnaresh SarwanğŸ‡¬ğŸ‡¾-Kings XI Punjab
Simon KatichğŸ‡¦ğŸ‡º-Kings XI Punjab
Andre NelğŸ‡¿ğŸ‡¦-Mumbai Indians
Nuwan ZoysağŸ‡±ğŸ‡°-Deccan Chargers
Andrew FlintoffğŸ´ó §ó ¢ó ¥ó ®ó §ó ¿-Chennai Super Kings
Shane BondğŸ‡³ğŸ‡¿-Kolkata Knight Riders
Damien Martyn-Rajasthan Royals

(20/n)",,,,,
@ABsay_ek,Abhishek AB,16-Aug-2024,"Happy Birthday to Jeff Thomson!

""Imagine soaking a cricket ball in kerosene, setting it alight, and launching it from a cannonâ€”thatâ€™s the kind of blistering speed Thomson delivered. When he bowled, you could almost smell the singe of charred leather. His thighs surged like the pistons of a Melbourne Express, his boots hammered the ground like a stampede, and the ball exploded from his hand like a blazing red streak.""

Watch this clip to witness Thomson's impact in the 1975 Test series. Dubbed an unofficial World Championship, the series saw Australia face the West Indies, who had just won the 1975 World Cup...
After Australia claimed the first Test in Brisbane, the West Indies hit back with a resounding win in Perth. Following a short ODI break, Australia dominated the remaining Tests, clinching the series 5-1...
Thomson was unstoppable, taking 25 wickets in the last four Tests & 29 in total....
But beyond the stats, it was the fear he instilledâ€”sending length balls whizzing past batsmen's chinsâ€”that truly rattled the West Indies...

This series was a turning point for Lloyd & Co., prompting them to adopt a pace-heavy strategy after witnessing the havoc wreaked by Lillee & Thomson's thunderbolts...",,,,,
@VijayCricketFan,Vijay Anaparthi,16-Aug-2024,"#OnThieDay in 2009 Charles Coventry hammered 194* in Bulawayo, equalled Saeed Anwar's record for the highest individual score at that time. The next best score in Zimbabwe's innings was just 37.

He scored 62.17% of the teamâ€™s runs that day, the 6th highest percentage of runs ever at that time.

Due to Tamim Iqbal's brilliant batting in the 2nd innings, Bangladesh successfully chased down the target. Charles Coventryâ€™s 194 remains the highest individual score in a losing cause with Fakhar Zaman(193) coming closest to it in 2021.

After this innings, Coventry did not score another century in international cricket.",,,,,
@VijayCricketFan,Vijay Anaparthi,13-Apr-2024,"One player whose batting stance often we discuss more than his batting records. Only 12 cricketers scored more than 20,000 runs in international cricket and he was one of them

Let's delve into the career of Shivnarine Chanderpaul in this thread

ğŸ§µ Thread 1/16
#CricketTwitter",,,,,
@VijayCricketFan,Vijay Anaparthi,13-Apr-2024,"In 19994 against England 19 year old All rounder replaced Phil Simmons in the playing 11.That allrounder bowled 16 overs of leg breaks in his first Test match along with handy 62 runs with the bat.

 ğŸ§µ2/16",,,,,
@VijayCricketFan,Vijay Anaparthi,13-Apr-2024,"After that he only bowled around 270 overs in his entire career, but his batting prowess reached new heights over the next decade and a half.",,,,,
@VijayCricketFan,Vijay Anaparthi,13-Apr-2024,"After 15 Test matches his Test average is more than 50 but after that it dipped drastically before the 2002 India series his average was 38.8 but from that point onwards its one way â¬†ï¸ ğŸ“ˆ, finished career with 51.37 after playing 164 Tests

ğŸ§µ4/16",,,,,
@VijayCricketFan,Vijay Anaparthi,13-Apr-2024,"In that series he along with his skipper Carl Hooper played brilliantly. Chanderpaul scored at least 50 in all the 5 test matches, In Fact he scored 3 hundreds and 3 fifties in that series and helped Windies to won a series.
ğŸ§µ5/16",,,,,
@VijayCricketFan,Vijay Anaparthi,13-Apr-2024,The Windies won their 12th Test series against India out of 16 series played up to that point. However after that series they never managed to win a single Test match against India.,,,,,
@VijayCricketFan,Vijay Anaparthi,13-Apr-2024,"The 2003 Frank Worrell Trophy holds a special memory for him. Even though it wasn't his best series, he made a mark by scoring a hundred in just 69 balls at that time this was 3rd fastest century and Viv Richards held the record then, later Baz scored 54 ball hundred

ğŸ§µ7/16",,,,,
@VijayCricketFan,Vijay Anaparthi,13-Apr-2024,"Everyone remember the 4th Test match, Westindies pulled off a heist with a record chase in the 4th innings against mighty Australia and Chanderpaul played a crucial role in that. He scored a match winning 100 and won the MOM. This is highest successful run chase in Test Cricket",,,,,
@VijayCricketFan,Vijay Anaparthi,13-Apr-2024,"In 2005 Chanderpaul became the only 2nd player in Test history to score a Double Hundred in the 1st match as a captain; previously NZ captain Dowling achieved this feat. Till now only Kohli and Greg Chappel scored 100's in both the innings of their Test Captaincy debut

ğŸ§µ9/16",,,,,
@VijayCricketFan,Vijay Anaparthi,13-Apr-2024,"West Indies won the 1st and only Test match under his captaincy was against Pakistan. Chanderpaul played a pivotal role, scoring 92 and an unbeaten 153 to secure the win for the Windies.",,,,,
@VijayCricketFan,Vijay Anaparthi,13-Apr-2024,"From 2006 Nov to 2007 Dec Chanderpaul scored Seven 50+ scores in consecutive innings and equalled a record. Apart from him only Everton Weeks, Andy Flower, Sanga, Rogers and KL scored 7 consecutive 50+ scores in Test history.

ğŸ§µ11/16",,,,,
@VijayCricketFan,Vijay Anaparthi,13-Apr-2024,"No player has scored more runs than him in Number 5 position in Test cricket; only former Australian skipperâ€™s Steve Waugh and Michale Clarke scored 5000+ Test runs along with him in that position.

ğŸ§µ12/16",,,,,
@VijayCricketFan,Vijay Anaparthi,13-Apr-2024,"He has an average above 40 against every opposition that he played against except zim
In Fact it was close to 50 against Aus, Eng and above 60 vs Ind. Only few foreign players have the average above 65 in England and he is one of them.

ğŸ§µ13/16",,,,,
@VijayCricketFan,Vijay Anaparthi,13-Apr-2024,"Despite not achieving the same level of success in limited-overs cricket compared to Test matches, Chanderpaul remained one of the key batters for West Indies in ODIs until 2010.",,,,,
@VijayCricketFan,Vijay Anaparthi,13-Apr-2024,"Chanderpaul's contribution to West Indies cricket was indeed immense. During his time, West Indies didn't win many matches, but he often stood as a lone warrior, receiving minimal support from batters at the other end especially after Laraâ€™s retirement.

ğŸ§µ15/16",,,,,
@VijayCricketFan,Vijay Anaparthi,13-Apr-2024,"I wanted to end this thread by mentioning his knock of 210 in 76 balls in the Adam Stanford T20 cricket tournament at the age of 44 in 2019 that tells us his passion for the game and adapting to the different formats after retiring also.

Thanks 
Vijay",,,,,